parameter,value,horizon_days,accepted_horizon_mean,active_end_mean
join,0.19999999999999998,90,0.22,2.61
join,0.35,90,0.51,3.8975
join,0.5,90,0.7375,3.5775
context_fit,0.5,90,0.4,3.8675
context_fit,0.65,90,0.51,3.8975
context_fit,0.8,90,0.6175,3.9425
time_overlap,0.5,90,0.4075,3.88
time_overlap,0.65,90,0.51,3.8975
time_overlap,0.8,90,0.61,3.9125
consent_each,0.65,90,0.3625,3.865
consent_each,0.8,90,0.51,3.8975
consent_each,0.9500000000000001,90,0.7,3.95
retain_with_value,0.65,90,0.495,3.8425
retain_with_value,0.8,90,0.51,3.8975
retain_with_value,0.9500000000000001,90,0.53,4.0025
